<?xml version="1.0" encoding="UTF-8"?><bookmarks><file xmlns="http://www.w3.org/1999/xhtml" absolutepath="/Volumes/GoogleDrive/Shared drives/W-FRAXA/02_data_and_projects/projects_WiP/01_a_neural_habituation_and_language_Winko/code/MATLAB/FRAXA_plot_2_b_2_PCA_TFA_erpMask_p1_combined.m"></file><file xmlns="http://www.w3.org/1999/xhtml" absolutepath="/Users/winkoan/Library/Caches/com.binarynights.ForkLift-3/FileCache/CBAA38E1-C9B9-488B-9F13-27356B756E39/BURSAS_func_calcCWT_decode.m"></file><file xmlns="http://www.w3.org/1999/xhtml" absolutepath="/Users/winkoan/Library/Caches/com.binarynights.ForkLift-3/FileCache/5FD0FBD1-0E8E-4943-8543-AAAC40D74A7B/BURSAS_scrp_analyz_6_e_CorrModel_save.m"></file><file xmlns="http://www.w3.org/1999/xhtml" absolutepath="/Users/winkoan/Library/Caches/com.binarynights.ForkLift-3/FileCache/B0DB46E1-073D-44C4-ACE5-436F0AFFA3C9/BURSAS_head_models.m"></file><file xmlns="http://www.w3.org/1999/xhtml" absolutepath="/Users/winkoan/Library/Caches/com.binarynights.ForkLift-3/FileCache/5FD3C5A9-8EE8-4CDA-9CCC-444B04B9B2E8/BURSAS_scrp_analyz_12_a_combine_results.m"></file><file xmlns="http://www.w3.org/1999/xhtml" absolutepath="/Volumes/GoogleDrive-117279492948675025974/My Drive/Research_Code/BU/BURSAS_RSAStudy/EEG_RSA/BURSAS_scrp_analyz_13_plot.m"></file><file xmlns="http://www.w3.org/1999/xhtml" absolutepath="/Users/winkoan/Library/Caches/com.binarynights.ForkLift-3/FileCache/DFBDE17C-A392-4FCC-86E4-DACBB4D034F5/BURSAS_scrp_analyz_12_a_combine_results.m"></file><file xmlns="http://www.w3.org/1999/xhtml" absolutepath="/Users/winkoan/Library/Caches/com.binarynights.ForkLift-3/FileCache/388F00FB-5BAA-4EAB-B896-E24C411CE7A7/BURSAS_scrp_analyz_6_a_CorrModel.m"></file><file xmlns="http://www.w3.org/1999/xhtml" absolutepath="/Users/winkoan/Library/Caches/com.binarynights.ForkLift-3/FileCache/CBF137EF-4CA0-45CE-AFC6-47BC7F241C25/BURSAS_func_clusterAnalysis2_new.m"></file><file xmlns="http://www.w3.org/1999/xhtml" absolutepath="/Users/winkoan/Library/Caches/com.binarynights.ForkLift-3/FileCache/2D08D485-CC62-4952-804E-33EEB21CFD5A/BURSAS_scrp_analyz_12_a_combine_results.m"></file><file xmlns="http://www.w3.org/1999/xhtml" absolutepath="/Users/winkoan/Library/Caches/com.binarynights.ForkLift-3/FileCache/A5AAE1D9-1E27-4871-AD38-F0FFBAE75FF8/BURSAS_scrp_analyz_6_f_diffModel.m"></file><file xmlns="http://www.w3.org/1999/xhtml" absolutepath="/Users/winkoan/Library/CloudStorage/GoogleDrive-wenkang.an@enders.tch.harvard.edu/My Drive/Research_Code/BRIDGE/BRIDGE_scrp_1_a_preprocessing.m"></file><file xmlns="http://www.w3.org/1999/xhtml" absolutepath="/Users/winkoan/Downloads/HAPPE-master/HAPPE_v3.m"></file><file xmlns="http://www.w3.org/1999/xhtml" absolutepath="/Users/winkoan/Library/Caches/com.binarynights.ForkLift-3/FileCache/6FFBEEBA-5591-46AB-AE3B-7F710C2936C3/HAPPE_v3.m"></file><file xmlns="http://www.w3.org/1999/xhtml" absolutepath="/Users/winkoan/Library/Caches/com.binarynights.ForkLift-3/FileCache/014148A3-80E2-47C6-9CD3-81F9C51BE3E6/HAPPE_v3_customized.m"></file><file xmlns="http://www.w3.org/1999/xhtml" absolutepath="/Users/winkoan/Library/CloudStorage/GoogleDrive-wenkang.an@enders.tch.harvard.edu/My Drive/Projects/Emotion/code/matlab/emo_scrp_1_a_combine_files_infant.m"></file><file xmlns="http://www.w3.org/1999/xhtml" absolutepath="/Users/winkoan/Library/CloudStorage/GoogleDrive-wenkang.an@enders.tch.harvard.edu/My Drive/Research_Packages/MATLAB/HAPPE_3/HAPPE_v3.m"></file><file xmlns="http://www.w3.org/1999/xhtml" absolutepath="/Users/winkoan/Library/CloudStorage/GoogleDrive-wenkang.an@enders.tch.harvard.edu/My Drive/Research_Packages/MATLAB/HAPPE_3/scripts/pipeline_scripts/happe_wavThresh.m"></file><file xmlns="http://www.w3.org/1999/xhtml" absolutepath="/Users/winkoan/Library/CloudStorage/GoogleDrive-wenkang.an@enders.tch.harvard.edu/Shared drives/W-FRAXA/02_data_and_projects/projects_WiP/07_a_habituation_paradigm_Winko/code/MATLAB/FRAXA_scrp_1_b_1_channel_HAB.m"></file><file xmlns="http://www.w3.org/1999/xhtml" absolutepath="/Users/winkoan/Library/CloudStorage/GoogleDrive-wenkang.an@enders.tch.harvard.edu/Shared drives/W-FRAXA/02_data_and_projects/projects_WiP/07_a_habituation_paradigm_Winko/code/MATLAB/FRAXA_scrp_2_a_stat_CBPT_ERP.m"></file><file xmlns="http://www.w3.org/1999/xhtml" absolutepath="/Users/winkoan/Library/CloudStorage/GoogleDrive-wenkang.an@enders.tch.harvard.edu/Shared drives/W-FRAXA/02_data_and_projects/projects_WiP/07_a_habituation_paradigm_Winko/code/MATLAB/FRAXA_plot_1_a_1_PCA_TFA.m"></file><file xmlns="http://www.w3.org/1999/xhtml" absolutepath="/Users/winkoan/Library/CloudStorage/GoogleDrive-wenkang.an@enders.tch.harvard.edu/My Drive/Research_Packages/MATLAB/HAPPE_3/HAPPE_v3_customized_b_babystep.m"></file><file xmlns="http://www.w3.org/1999/xhtml" absolutepath="/Users/winkoan/Library/CloudStorage/GoogleDrive-wenkang.an@enders.tch.harvard.edu/My Drive/Research_Packages/MATLAB/HAPPE_3/scrp_1_a_babysteps_remove_start_end.m"></file><file xmlns="http://www.w3.org/1999/xhtml" absolutepath="/Users/winkoan/Library/CloudStorage/GoogleDrive-wenkang.an@enders.tch.harvard.edu/My Drive/Research_Packages/MATLAB/HAPPE_3/scrp_1_b_babysteps_remove_middle.m"></file><file xmlns="http://www.w3.org/1999/xhtml" absolutepath="/Users/winkoan/Library/CloudStorage/GoogleDrive-wenkang.an@enders.tch.harvard.edu/My Drive/Research_Packages/MATLAB/HAPPE_3/HAPPE_v3_customized_c_babystep_question_answer.m"></file><file xmlns="http://www.w3.org/1999/xhtml" absolutepath="/Users/winkoan/Library/CloudStorage/GoogleDrive-wenkang.an@enders.tch.harvard.edu/Shared drives/W-FRAXA/02_data_and_projects/projects_WiP/07_a_habituation_paradigm_Winko/code/MATLAB/FRAXA_scrp_3_a_outputTable_P1window.m"></file><file xmlns="http://www.w3.org/1999/xhtml" absolutepath="/Users/winkoan/Library/CloudStorage/GoogleDrive-wenkang.an@enders.tch.harvard.edu/My Drive/Research_Packages/MATLAB/HAPPE-master/1. pre-process/HAPPE_v3_customized_1_with_input_parameters.m"></file><file xmlns="http://www.w3.org/1999/xhtml" absolutepath="/Users/winkoan/Library/CloudStorage/GoogleDrive-wenkang.an@enders.tch.harvard.edu/My Drive/Research_Packages/MATLAB/HAPPE-master/1. pre-process/HAPPE_v3_customized_b_babystep.m"></file><file xmlns="http://www.w3.org/1999/xhtml" absolutepath="/Users/winkoan/Library/CloudStorage/GoogleDrive-wenkang.an@enders.tch.harvard.edu/My Drive/Research_Packages/MATLAB/HAPPE-master/1. pre-process/HAPPE_v3_customized_2_without_input_parameters.m"></file><file xmlns="http://www.w3.org/1999/xhtml" absolutepath="/Users/winkoan/Library/CloudStorage/GoogleDrive-wenkang.an@enders.tch.harvard.edu/My Drive/Research_Packages/MATLAB/HAPPE-master/1. pre-process/HAPPE_v3_customized_c_babystep_question_answer.m"></file><file xmlns="http://www.w3.org/1999/xhtml" absolutepath="/Users/winkoan/Library/CloudStorage/GoogleDrive-wenkang.an@enders.tch.harvard.edu/My Drive/Research_Packages/MATLAB/HAPPE_3/HAPPE_v3_customized_d_emotion.m"></file><file xmlns="http://www.w3.org/1999/xhtml" absolutepath="/Users/winkoan/Library/CloudStorage/GoogleDrive-wenkang.an@enders.tch.harvard.edu/My Drive/Research_Packages/MATLAB/HAPPE-master/1. pre-process/scrp_1_a_babysteps_remove_start_end.m"></file><file xmlns="http://www.w3.org/1999/xhtml" absolutepath="/Users/winkoan/Library/CloudStorage/GoogleDrive-wenkang.an@enders.tch.harvard.edu/My Drive/Research_Packages/MATLAB/HAPPE-master/1. pre-process/scrp_1_b_babysteps_remove_middle.m"></file><file xmlns="http://www.w3.org/1999/xhtml" absolutepath="/Users/winkoan/Library/CloudStorage/GoogleDrive-wenkang.an@enders.tch.harvard.edu/My Drive/Projects/Emotion/code/matlab/emo_scrp_2_a_calculate_EEG_measures.m"></file><file xmlns="http://www.w3.org/1999/xhtml" absolutepath="/Users/winkoan/Library/CloudStorage/GoogleDrive-wenkang.an@enders.tch.harvard.edu/My Drive/Projects/Emotion/code/matlab/emo_scrp_2_a_calculate_ERP.m"></file><file xmlns="http://www.w3.org/1999/xhtml" absolutepath="/Users/winkoan/Library/CloudStorage/GoogleDrive-wenkang.an@enders.tch.harvard.edu/My Drive/Projects/Emotion/code/matlab/emo_scrp_2_b_ERP_select_subjects.m"></file><file xmlns="http://www.w3.org/1999/xhtml" absolutepath="/Users/winkoan/Library/CloudStorage/GoogleDrive-wenkang.an@enders.tch.harvard.edu/My Drive/Projects/Emotion/code/matlab/emo_scrp_analysis_define_ROI.m"></file><file xmlns="http://www.w3.org/1999/xhtml" absolutepath="/Users/winkoan/Library/CloudStorage/GoogleDrive-wenkang.an@enders.tch.harvard.edu/My Drive/Projects/Emotion/code/matlab/emo_scrp_2_a_calculate_ERP_all.m"></file><file xmlns="http://www.w3.org/1999/xhtml" absolutepath="/Users/winkoan/Library/CloudStorage/GoogleDrive-wenkang.an@enders.tch.harvard.edu/My Drive/Projects/Emotion/code/matlab/emo_scrp_3_b_RSA_select_subjects.m"></file><file xmlns="http://www.w3.org/1999/xhtml" absolutepath="/Users/winkoan/Library/CloudStorage/GoogleDrive-wenkang.an@enders.tch.harvard.edu/My Drive/Projects/Emotion/code/matlab/emo_scrp_3_a_RSA_combine_data.m"></file><file xmlns="http://www.w3.org/1999/xhtml" absolutepath="/Users/winkoan/Library/CloudStorage/GoogleDrive-wenkang.an@enders.tch.harvard.edu/My Drive/Projects/Emotion/code/matlab/emo_scrp_3_b_RSA_calculate_RDM.m"></file><file xmlns="http://www.w3.org/1999/xhtml" absolutepath="/Users/winkoan/Library/CloudStorage/GoogleDrive-wenkang.an@enders.tch.harvard.edu/My Drive/Projects/Emotion/code/matlab/emo_scrp_2_d_ERP_select_time.m"></file><file xmlns="http://www.w3.org/1999/xhtml" absolutepath="/Users/winkoan/Library/CloudStorage/GoogleDrive-wenkang.an@enders.tch.harvard.edu/My Drive/Projects/Emotion/code/matlab/emo_scrp_3_b_RSA_calculate_RDM_individual.m"></file><file xmlns="http://www.w3.org/1999/xhtml" absolutepath="/Users/winkoan/Library/CloudStorage/GoogleDrive-wenkang.an@enders.tch.harvard.edu/My Drive/Projects/Emotion/code/matlab/emo_scrp_3_c_RSA_calculate_RDM_group.m"></file><file xmlns="http://www.w3.org/1999/xhtml" absolutepath="/Users/winkoan/Library/CloudStorage/GoogleDrive-wenkang.an@enders.tch.harvard.edu/My Drive/Projects/Emotion/code/matlab/emo_scrp_analysis_decoding.m"></file><file xmlns="http://www.w3.org/1999/xhtml" absolutepath="/Users/winkoan/Library/CloudStorage/GoogleDrive-wenkang.an@enders.tch.harvard.edu/My Drive/Projects/Emotion/code/matlab/emo_scrp_2_e_ERP_save_table.m"></file><file xmlns="http://www.w3.org/1999/xhtml" absolutepath="/Users/winkoan/Library/CloudStorage/GoogleDrive-wenkang.an@enders.tch.harvard.edu/My Drive/Projects/Emotion/code/matlab/emo_scrp_2_c_ERP_select_subjects_plot.m"></file><file xmlns="http://www.w3.org/1999/xhtml" absolutepath="/Users/winkoan/Library/CloudStorage/GoogleDrive-wenkang.an@enders.tch.harvard.edu/My Drive/Projects/Emotion/code/matlab/emo_scrp_2_e_ERP_save_table_with_pb.m"></file><file xmlns="http://www.w3.org/1999/xhtml" absolutepath="/Users/winkoan/Library/CloudStorage/GoogleDrive-wenkang.an@enders.tch.harvard.edu/My Drive/Projects/Emotion/code/matlab/emo_scrp_2_f_ERP_save_table_without_pb.m"></file><file xmlns="http://www.w3.org/1999/xhtml" absolutepath="/Users/winkoan/Library/Caches/com.binarynights.ForkLift-3/FileCache/230EA9FD-8280-40A2-9DC5-5FBB8C01E0CB/HAPPE_v3_1_a_habituation.m"></file><file xmlns="http://www.w3.org/1999/xhtml" absolutepath="/Users/winkoan/Library/CloudStorage/GoogleDrive-wenkang.an@enders.tch.harvard.edu/My Drive/Projects/Emotion/code/matlab/emo_scrp_proc_eeg.m"></file><file xmlns="http://www.w3.org/1999/xhtml" absolutepath="/Users/winkoan/Library/Caches/com.binarynights.ForkLift-3/FileCache/1EA020BB-7689-421B-A7B9-0A1CFCA1BE8A/HAPPE_v3_1_b_emotion.m"></file><file xmlns="http://www.w3.org/1999/xhtml" absolutepath="/Users/winkoan/Library/CloudStorage/GoogleDrive-wenkang.an@enders.tch.harvard.edu/My Drive/Projects/Emotion/code/matlab/emo_scrp_analysis_decoding_group.m"></file><file xmlns="http://www.w3.org/1999/xhtml" absolutepath="/Users/winkoan/Library/CloudStorage/GoogleDrive-wenkang.an@enders.tch.harvard.edu/Shared drives/W-FRAXA/02_data_and_projects/projects_WiP/07_a_habituation_paradigm_Winko/code/MATLAB/FRAXA_scrp_1_a_1_PCA_spatial_HAB.m"></file><file xmlns="http://www.w3.org/1999/xhtml" absolutepath="/Users/winkoan/Library/CloudStorage/GoogleDrive-wenkang.an@enders.tch.harvard.edu/Shared drives/W-FRAXA/02_data_and_projects/projects_WiP/07_a_habituation_paradigm_Winko/code/MATLAB/FRAXA_func_PCA.m"></file><file xmlns="http://www.w3.org/1999/xhtml" absolutepath="/Users/winkoan/Library/CloudStorage/GoogleDrive-anwenkang@gmail.com/My Drive/Research_Code/BU/BURSAS_RSAStudy/Experiment_fMRI/BURSAS_scrp_run.m"></file><file xmlns="http://www.w3.org/1999/xhtml" absolutepath="/Users/winkoan/Library/CloudStorage/GoogleDrive-anwenkang@gmail.com/My Drive/Research_Code/BU/BURSAS_RSAStudy/Experiment_fMRI/BURSAS_head_loadData.m"></file><file xmlns="http://www.w3.org/1999/xhtml" absolutepath="/Users/winkoan/Library/CloudStorage/GoogleDrive-anwenkang@gmail.com/My Drive/Research_Code/BU/BURSAS_RSAStudy/Experiment_demo/func_start.m"></file><file xmlns="http://www.w3.org/1999/xhtml" absolutepath="/Users/winkoan/Library/CloudStorage/GoogleDrive-anwenkang@gmail.com/My Drive/Research_Code/BU/BURSAS_RSAStudy/Experiment_demo/exp_demo.mlapp"></file><file xmlns="http://www.w3.org/1999/xhtml" absolutepath="/Users/winkoan/Library/CloudStorage/GoogleDrive-anwenkang@gmail.com/My Drive/Research_Code/BU/BURSAS_RSAStudy/EEG_RSA/BURSAS_scrp_analyz_1_a_gatherCueData.m"></file><file xmlns="http://www.w3.org/1999/xhtml" absolutepath="/Users/winkoan/Library/CloudStorage/GoogleDrive-anwenkang@gmail.com/My Drive/Research_Code/BU/BURSAS_RSAStudy/EEG_RSA/BURSAS_scrp_analyz_2_e_EEG_nTrials.m"></file><file xmlns="http://www.w3.org/1999/xhtml" absolutepath="/Users/winkoan/Library/CloudStorage/GoogleDrive-wenkang.an@enders.tch.harvard.edu/Shared drives/W-InfantScreeningProject/04_projects/07_EEG_connectivity_Winko_Haerin/code/matlab/Scripts_winko/Compare/scrp_2_a_preprocessing_winko.m"></file><file xmlns="http://www.w3.org/1999/xhtml" absolutepath="/Users/winkoan/Library/CloudStorage/GoogleDrive-wenkang.an@enders.tch.harvard.edu/My Drive/Research_Packages/MATLAB/eeglab2021.1/plugins/MARA1.2/MARA.m"></file><file xmlns="http://www.w3.org/1999/xhtml" absolutepath="/Users/winkoan/Library/CloudStorage/GoogleDrive-wenkang.an@enders.tch.harvard.edu/Shared drives/W-InfantScreeningProject/04_projects/07_EEG_connectivity_Winko_Haerin/code/matlab/Scripts_winko/Compare/scrp_1_a_beapp_happe.m"></file><file xmlns="http://www.w3.org/1999/xhtml" absolutepath="/Users/winkoan/Library/CloudStorage/GoogleDrive-wenkang.an@enders.tch.harvard.edu/My Drive/Research_Packages/MATLAB/eeglab2021.1/plugins/ICLabel/ICL_feature_extractor.m"></file><file xmlns="http://www.w3.org/1999/xhtml" absolutepath="/Users/winkoan/Library/CloudStorage/GoogleDrive-wenkang.an@enders.tch.harvard.edu/My Drive/Research_Packages/MATLAB/eeglab2021.1/plugins/ICLabel/iclabel.m"></file><file xmlns="http://www.w3.org/1999/xhtml" absolutepath="/Users/winkoan/Library/CloudStorage/GoogleDrive-wenkang.an@enders.tch.harvard.edu/My Drive/Research_Packages/MATLAB/eeglab2021.1/functions/popfunc/pop_rejepoch.m"></file><file xmlns="http://www.w3.org/1999/xhtml" absolutepath="/Users/winkoan/Library/CloudStorage/GoogleDrive-wenkang.an@enders.tch.harvard.edu/My Drive/Research_Packages/MATLAB/eeglab2021.1/functions/popfunc/pop_reref.m"></file><file xmlns="http://www.w3.org/1999/xhtml" absolutepath="/Users/winkoan/Library/CloudStorage/GoogleDrive-wenkang.an@enders.tch.harvard.edu/Shared drives/W-InfantScreeningProject/04_projects/07_EEG_connectivity_Winko_Haerin/code/matlab/Scripts_winko/Compare/func_1_a_remove_start_end.m"></file><file xmlns="http://www.w3.org/1999/xhtml" absolutepath="/Users/winkoan/Library/CloudStorage/GoogleDrive-wenkang.an@enders.tch.harvard.edu/Shared drives/W-InfantScreeningProject/04_projects/07_EEG_connectivity_Winko_Haerin/code/matlab/Scripts_winko/Compare/scrp_4_b_create_EEG_for_BEAPP.m"></file><file xmlns="http://www.w3.org/1999/xhtml" absolutepath="/Users/winkoan/Library/CloudStorage/GoogleDrive-wenkang.an@enders.tch.harvard.edu/My Drive/Research_Packages/MATLAB/beapp-master/beapp-master/functions/wICA.m"></file><file xmlns="http://www.w3.org/1999/xhtml" absolutepath="/Users/winkoan/Library/CloudStorage/GoogleDrive-wenkang.an@enders.tch.harvard.edu/My Drive/Research_Packages/MATLAB/eeglab2021.1/functions/adminfunc/eeg_getdatact.m"></file><file xmlns="http://www.w3.org/1999/xhtml" absolutepath="/Users/winkoan/Library/CloudStorage/GoogleDrive-wenkang.an@enders.tch.harvard.edu/My Drive/Research_Packages/MATLAB/eeglab2021.1/functions/adminfunc/eeg_checkset.m"></file><file xmlns="http://www.w3.org/1999/xhtml" absolutepath="/Users/winkoan/Library/CloudStorage/GoogleDrive-wenkang.an@enders.tch.harvard.edu/My Drive/Research_Packages/MATLAB/beapp-master/beapp-master/functions/happe_run_wICA_on_file.m"></file><file xmlns="http://www.w3.org/1999/xhtml" absolutepath="/Users/winkoan/Library/CloudStorage/GoogleDrive-wenkang.an@enders.tch.harvard.edu/Shared drives/W-InfantScreeningProject/04_projects/07_EEG_connectivity_Winko_Haerin/code/matlab/Scripts_winko/Compare/scrp_5_a_compare_wavelet_thresholding.m"></file><file xmlns="http://www.w3.org/1999/xhtml" absolutepath="/Users/winkoan/Library/CloudStorage/GoogleDrive-wenkang.an@enders.tch.harvard.edu/My Drive/Projects/Emotion/code/matlab/emo_scrp_1_b_combine_files_3yr.m"></file><file xmlns="http://www.w3.org/1999/xhtml" absolutepath="/Users/winkoan/Library/CloudStorage/GoogleDrive-wenkang.an@enders.tch.harvard.edu/My Drive/Projects/Emotion/code/matlab/emo_scrp_proc_edat.m"></file><file xmlns="http://www.w3.org/1999/xhtml" absolutepath="/Users/winkoan/Library/CloudStorage/GoogleDrive-wenkang.an@enders.tch.harvard.edu/Shared drives/W-InfantScreeningProject/04_projects/07_EEG_connectivity_Winko_Haerin/code/matlab/Scripts_winko/Compare/func_convert_mat_to_set_BEAPP.m"></file><file xmlns="http://www.w3.org/1999/xhtml" absolutepath="/Users/winkoan/Library/CloudStorage/GoogleDrive-wenkang.an@enders.tch.harvard.edu/Shared drives/W-InfantScreeningProject/04_projects/07_EEG_connectivity_Winko_Haerin/code/matlab/Scripts_winko/Compare/scrp_4_a_convert_mat_to_set_BEAPP.m"></file><file xmlns="http://www.w3.org/1999/xhtml" absolutepath="/Users/winkoan/Library/CloudStorage/GoogleDrive-wenkang.an@enders.tch.harvard.edu/Shared drives/W-InfantScreeningProject/04_projects/07_EEG_connectivity_Winko_Haerin/code/matlab/Scripts_winko/Compare/func_convert_mat_to_set_NS.m"></file><file xmlns="http://www.w3.org/1999/xhtml" absolutepath="/Users/winkoan/Library/CloudStorage/GoogleDrive-wenkang.an@enders.tch.harvard.edu/Shared drives/W-InfantScreeningProject/04_projects/07_EEG_connectivity_Winko_Haerin/code/matlab/Scripts_winko/Compare/scrp_4_e_convert_mat_to_set_NS.m"></file><file xmlns="http://www.w3.org/1999/xhtml" absolutepath="/Users/winkoan/Library/CloudStorage/GoogleDrive-wenkang.an@enders.tch.harvard.edu/My Drive/Projects/Ethiopia/code/scrp_1_a_convert_to_set.m"></file><file xmlns="http://www.w3.org/1999/xhtml" absolutepath="/Users/winkoan/Library/CloudStorage/GoogleDrive-wenkang.an@enders.tch.harvard.edu/My Drive/Research_Packages/MATLAB/eeglab2021.1/plugins/NE_EEGLAB_NIC_Plugin/pop_nedf.m"></file><file xmlns="http://www.w3.org/1999/xhtml" absolutepath="/Users/winkoan/Library/CloudStorage/GoogleDrive-anwenkang@gmail.com/My Drive/Research_Code/Rocco/GUI/draft_plot_coil_angles.m"></file><file xmlns="http://www.w3.org/1999/xhtml" absolutepath="/Users/winkoan/Library/CloudStorage/GoogleDrive-wenkang.an@enders.tch.harvard.edu/My Drive/Research_Packages/MATLAB/HAPPE-master/1. pre-process/HAPPE_v3_customized_4_Ethiopia.m"></file><file xmlns="http://www.w3.org/1999/xhtml" absolutepath="/Users/winkoan/Library/CloudStorage/GoogleDrive-wenkang.an@enders.tch.harvard.edu/My Drive/Research_Packages/MATLAB/HAPPE-master/1. pre-process/scrp_1_c_babysteps_segment.m"></file><file xmlns="http://www.w3.org/1999/xhtml" absolutepath="/Users/winkoan/Library/CloudStorage/GoogleDrive-wenkang.an@enders.tch.harvard.edu/My Drive/Projects/Ethiopia/code/scrp_2_a_ERP.m"></file><file xmlns="http://www.w3.org/1999/xhtml" absolutepath="/Users/winkoan/Library/Caches/com.binarynights.ForkLift-3/FileCache/CFD98466-BE8F-41B4-9B12-CD2D9E212FC9/HAPPE_v3_1_b_emotion.m"></file><file xmlns="http://www.w3.org/1999/xhtml" absolutepath="/Users/winkoan/Library/Caches/com.binarynights.ForkLift-3/FileCache/3F03DA15-CAC8-43CC-ABE3-6B65BA2F29BA/HAPPE_v3_1_c_babysteps.m"></file><file xmlns="http://www.w3.org/1999/xhtml" absolutepath="/Users/winkoan/Library/Caches/com.binarynights.ForkLift-3/FileCache/F9457CB7-8472-460D-80D3-D0AFF33CE86C/HAPPE_v3_customized_5_babysteps.m"></file><file xmlns="http://www.w3.org/1999/xhtml" absolutepath="/Users/winkoan/Library/Caches/com.binarynights.ForkLift-3/FileCache/6FA846B0-AD40-408A-AA8B-DA25FBE4E129/happe_segRej.m"></file><file xmlns="http://www.w3.org/1999/xhtml" absolutepath="/Users/winkoan/Library/Caches/com.binarynights.ForkLift-3/FileCache/B59D3E5C-BB01-4135-AD4A-A9D48E8B6B74/wICA.m"></file><file xmlns="http://www.w3.org/1999/xhtml" absolutepath="/Users/winkoan/Library/CloudStorage/GoogleDrive-wenkang.an@enders.tch.harvard.edu/My Drive/Research_Others/Talks/20230728_Coding/code/matlab/scrp_2_flow.m"></file><file xmlns="http://www.w3.org/1999/xhtml" absolutepath="/Users/winkoan/Library/CloudStorage/GoogleDrive-wenkang.an@enders.tch.harvard.edu/My Drive/Research_Others/Talks/20230728_Coding/code/matlab/scrp_1_a_basics_flow.m"></file><file xmlns="http://www.w3.org/1999/xhtml" absolutepath="/Users/winkoan/Library/CloudStorage/GoogleDrive-wenkang.an@enders.tch.harvard.edu/My Drive/Research_Others/Talks/20230728_Coding/code/matlab/scrp_1_b_basics_flow.m"></file><file xmlns="http://www.w3.org/1999/xhtml" absolutepath="/Users/winkoan/Library/CloudStorage/GoogleDrive-wenkang.an@enders.tch.harvard.edu/My Drive/Research_Others/Talks/20230728_Coding/code/matlab/scrp_1_a_basics_data_type.m"></file><file xmlns="http://www.w3.org/1999/xhtml" absolutepath="/Users/winkoan/Library/CloudStorage/GoogleDrive-wenkang.an@enders.tch.harvard.edu/My Drive/Research_Others/Talks/20230728_Coding/code/matlab/emo_scrp_1_a_combine_files_infant.m"></file><file xmlns="http://www.w3.org/1999/xhtml" absolutepath="/Users/winkoan/Library/CloudStorage/GoogleDrive-wenkang.an@enders.tch.harvard.edu/My Drive/Research_Others/Talks/20230728_Coding/code/matlab/scrp_1_e_basics_visualization.m"></file><file xmlns="http://www.w3.org/1999/xhtml" absolutepath="/Users/winkoan/Library/CloudStorage/GoogleDrive-wenkang.an@enders.tch.harvard.edu/My Drive/Research_Others/Talks/20230728_Coding/code/matlab/scrp_1_d_basics_debug.m"></file><file xmlns="http://www.w3.org/1999/xhtml" absolutepath="/Users/winkoan/Library/CloudStorage/GoogleDrive-wenkang.an@enders.tch.harvard.edu/My Drive/Research_Others/Talks/20230728_Coding/code/matlab/max.m"></file><file xmlns="http://www.w3.org/1999/xhtml" absolutepath="/Users/winkoan/Library/CloudStorage/GoogleDrive-wenkang.an@enders.tch.harvard.edu/My Drive/Research_Others/Talks/20230728_Coding/code/matlab/emo_scrp_2_a_calculate_ERP_all.m"></file><file xmlns="http://www.w3.org/1999/xhtml" absolutepath="/Users/winkoan/Library/CloudStorage/GoogleDrive-wenkang.an@enders.tch.harvard.edu/My Drive/Research_Others/Talks/20230728_Coding/code/matlab/func_change_color.m"></file><file xmlns="http://www.w3.org/1999/xhtml" absolutepath="/Users/winkoan/Library/CloudStorage/GoogleDrive-wenkang.an@enders.tch.harvard.edu/My Drive/Projects/CRIES/code/matlab/BBS_scrp_1_a_convert_to_wav.m"></file><file xmlns="http://www.w3.org/1999/xhtml" absolutepath="/Users/winkoan/Library/CloudStorage/GoogleDrive-wenkang.an@enders.tch.harvard.edu/My Drive/Projects/CRIES/code/matlab/BBS_scrp_1_b_f0_noisy.m"></file><file xmlns="http://www.w3.org/1999/xhtml" absolutepath="/Users/winkoan/Library/CloudStorage/GoogleDrive-wenkang.an@enders.tch.harvard.edu/My Drive/Projects/CRIES/code/matlab/BBS_scrp_1_c_f0_clean.m"></file><file xmlns="http://www.w3.org/1999/xhtml" absolutepath="/Users/winkoan/Library/Caches/com.binarynights.ForkLift-3/FileCache/076B0710-D9BF-4F34-B7AD-4FD6C33F204D/HAPPE_v3_customized_6_ISP2.m"></file><file xmlns="http://www.w3.org/1999/xhtml" absolutepath="/Users/winkoan/Library/Caches/com.binarynights.ForkLift-3/FileCache/96B34AAC-FC32-4C7A-AC7F-15EBF41DE062/HAPPE_v3_1_b_emotion.m"></file><file xmlns="http://www.w3.org/1999/xhtml" absolutepath="/Users/winkoan/Library/CloudStorage/GoogleDrive-anwenkang@gmail.com/My Drive/Research_Code/BU/BURSAS_RSAStudy/EEG_RSA/GUI/BURSAS_demo_showRDM.mlapp"></file><file xmlns="http://www.w3.org/1999/xhtml" absolutepath="/Users/winkoan/Library/CloudStorage/GoogleDrive-wenkang.an@enders.tch.harvard.edu/My Drive/Research_Packages/MATLAB/HAPPE-master/1. pre-process/scrp_1_d_ethiopia_keep_first_last.m"></file><file xmlns="http://www.w3.org/1999/xhtml" absolutepath="/Users/winkoan/Library/CloudStorage/GoogleDrive-wenkang.an@enders.tch.harvard.edu/My Drive/Projects/Ethiopia/code/scrp_3_a_PSD.m"></file><file xmlns="http://www.w3.org/1999/xhtml" absolutepath="/Users/winkoan/Library/Caches/com.binarynights.ForkLift-3/FileCache/573C0E1C-8521-44DA-A50F-393F0B2F6E6B/HAPPE_v3_customized_7_ISP1.m"></file><file xmlns="http://www.w3.org/1999/xhtml" absolutepath="/Users/winkoan/Library/CloudStorage/GoogleDrive-wenkang.an@enders.tch.harvard.edu/My Drive/Projects/Emotion/code/matlab/emo_scrp_2_a_calculate_ERP_infant.m"></file><file xmlns="http://www.w3.org/1999/xhtml" absolutepath="/Users/winkoan/Library/CloudStorage/GoogleDrive-anwenkang@gmail.com/My Drive/Research_Code/Rocco/eegstats/code/main.m"></file><file xmlns="http://www.w3.org/1999/xhtml" absolutepath="/Users/winkoan/Library/CloudStorage/GoogleDrive-wenkang.an@enders.tch.harvard.edu/My Drive/Projects/Emotion/code/matlab/emo_scrp_2_c_2_ERP_select_subjects_plot.m"></file><file xmlns="http://www.w3.org/1999/xhtml" absolutepath="/Users/winkoan/Library/CloudStorage/GoogleDrive-wenkang.an@enders.tch.harvard.edu/My Drive/Projects/Emotion/code/matlab/emo_scrp_2_b_1_ERP_select_subjects.m"></file><file xmlns="http://www.w3.org/1999/xhtml" absolutepath="/Users/winkoan/Library/CloudStorage/GoogleDrive-wenkang.an@enders.tch.harvard.edu/My Drive/Projects/Emotion/code/matlab/emo_scrp_2_d_1_ERP_save_table_with_pb.m"></file><file xmlns="http://www.w3.org/1999/xhtml" absolutepath="/Users/winkoan/Library/CloudStorage/GoogleDrive-wenkang.an@enders.tch.harvard.edu/My Drive/Projects/Emotion/code/matlab/emo_scrp_2_d_2_ERP_save_table_without_pb.m"></file><file xmlns="http://www.w3.org/1999/xhtml" absolutepath="/Users/winkoan/Library/CloudStorage/GoogleDrive-wenkang.an@enders.tch.harvard.edu/My Drive/Projects/Emotion/code/matlab/emo_scrp_3_b_RSA_corr_model_individual.m"></file><file xmlns="http://www.w3.org/1999/xhtml" absolutepath="/Users/winkoan/Library/CloudStorage/GoogleDrive-wenkang.an@enders.tch.harvard.edu/My Drive/Projects/Emotion/code/matlab/emo_scrp_3_d_RSA_calculate_RDM.m"></file><file xmlns="http://www.w3.org/1999/xhtml" absolutepath="/Users/winkoan/Library/CloudStorage/GoogleDrive-wenkang.an@enders.tch.harvard.edu/My Drive/Projects/Emotion/code/matlab/emo_scrp_3_a_1_RSA_combine_data.m"></file><file xmlns="http://www.w3.org/1999/xhtml" absolutepath="/Users/winkoan/Library/CloudStorage/GoogleDrive-wenkang.an@enders.tch.harvard.edu/My Drive/Projects/Emotion/code/matlab/emo_scrp_3_a_2_RSA_save_individual_data.m"></file><file xmlns="http://www.w3.org/1999/xhtml" absolutepath="/Users/winkoan/Library/CloudStorage/GoogleDrive-wenkang.an@enders.tch.harvard.edu/My Drive/Projects/Emotion/code/matlab/emo_scrp_3_d_2_RSA_calculate_RDM_individual.m"></file><file xmlns="http://www.w3.org/1999/xhtml" absolutepath="/Users/winkoan/Library/CloudStorage/GoogleDrive-wenkang.an@enders.tch.harvard.edu/My Drive/Projects/Emotion/code/matlab/emo_scrp_3_d_1_RSA_calculate_RDM.m"></file><file xmlns="http://www.w3.org/1999/xhtml" absolutepath="/Users/winkoan/Library/Caches/com.binarynights.ForkLift-3/FileCache/D7857756-BDD4-4535-B4FF-11A9EDD205A4/emo_scrp_3_d_2_RSA_calculate_RDM_individual.m"></file><file xmlns="http://www.w3.org/1999/xhtml" absolutepath="/Users/winkoan/Library/CloudStorage/GoogleDrive-wenkang.an@enders.tch.harvard.edu/My Drive/Projects/Emotion/code/matlab/emo_scrp_3_e_1_RSA_plotRDMs.m"></file><file xmlns="http://www.w3.org/1999/xhtml" absolutepath="/Users/winkoan/Library/Caches/com.binarynights.ForkLift-3/FileCache/FABDCD78-836C-4B9A-BE3F-45188DD3B160/HAPPE_v3_1_a_habituation.m"></file><file xmlns="http://www.w3.org/1999/xhtml" absolutepath="/Users/winkoan/Library/Caches/com.binarynights.ForkLift-3/FileCache/0EC9A8DF-C4ED-491B-9805-909A788789F4/HAPPE_v3_1_b_emotion.m"></file><file xmlns="http://www.w3.org/1999/xhtml" absolutepath="/Users/winkoan/Library/CloudStorage/GoogleDrive-wenkang.an@enders.tch.harvard.edu/Shared drives/W-InfantScreeningProject/04_projects/07_EEG_connectivity_Winko_Haerin/code/matlab/Scripts_winko/Misc/scrp_1_write_CSD_layout.m"></file><file xmlns="http://www.w3.org/1999/xhtml" absolutepath="/Users/winkoan/Library/CloudStorage/GoogleDrive-wenkang.an@enders.tch.harvard.edu/My Drive/Projects/Ethiopia/code/scrp_1_b_miniMADE.m"></file><file xmlns="http://www.w3.org/1999/xhtml" absolutepath="/Users/winkoan/Library/CloudStorage/GoogleDrive-wenkang.an@enders.tch.harvard.edu/Shared drives/W-FRAXA/02_data_and_projects/projects_WiP/07_a_habituation_paradigm_Winko/code/MATLAB/FRAXA_head_loadSubjInfo.m"></file><file xmlns="http://www.w3.org/1999/xhtml" absolutepath="/Users/winkoan/Library/CloudStorage/GoogleDrive-wenkang.an@enders.tch.harvard.edu/Shared drives/W-FRAXA/02_data_and_projects/projects_WiP/07_a_habituation_paradigm_Winko/code/MATLAB/FRAXA_scrp_1_c_1_GFP_HAB.m"></file><file xmlns="http://www.w3.org/1999/xhtml" absolutepath="/Users/winkoan/Library/CloudStorage/GoogleDrive-wenkang.an@enders.tch.harvard.edu/My Drive/Projects/Ethiopia/code/scrp_0_main.m"></file><file xmlns="http://www.w3.org/1999/xhtml" absolutepath="/Users/winkoan/Library/Caches/com.binarynights.ForkLift-3/FileCache/79BD9A84-26A2-495D-AC51-AD2EDCB6DA79/HAPPE_v3_customized_8_BRIDGE_phoneme.m"></file><file xmlns="http://www.w3.org/1999/xhtml" absolutepath="/Users/winkoan/Library/CloudStorage/GoogleDrive-wenkang.an@enders.tch.harvard.edu/My Drive/Research_Packages/MATLAB/HAPPE-master/1. pre-process/HAPPE_v3.m"></file><file xmlns="http://www.w3.org/1999/xhtml" absolutepath="/Users/winkoan/Library/CloudStorage/GoogleDrive-wenkang.an@enders.tch.harvard.edu/Shared drives/W-InfantScreeningProject/04_projects/09_EEG_Connnectivity_ISP1and2_Winko_Haerin/code/matlab/Scripts_haerin/Step3_Average_Matrice/S3_c2_ROI_peak_alpha.m"></file><file xmlns="http://www.w3.org/1999/xhtml" absolutepath="/Users/winkoan/Library/Caches/com.binarynights.ForkLift-3/FileCache/5D39F7F8-1D06-49E5-88ED-4FAD0D355318/HAPPE_v3_customized_9_habituation.m"></file><file xmlns="http://www.w3.org/1999/xhtml" absolutepath="/Users/winkoan/Library/CloudStorage/GoogleDrive-wenkang.an@enders.tch.harvard.edu/My Drive/Research_Packages/MATLAB/HAPPE-master/1. pre-process/HAPPE_v3_customized_5_a_Simons_MIT_vep.m"></file><file xmlns="http://www.w3.org/1999/xhtml" absolutepath="/Users/winkoan/Library/Caches/com.binarynights.ForkLift-3/FileCache/6DAFDC28-2CAE-4CE3-A81E-3BAB172AD784/HAPPE_v3_customized_9_habituation.m"></file><file xmlns="http://www.w3.org/1999/xhtml" absolutepath="/Users/winkoan/Library/CloudStorage/GoogleDrive-wenkang.an@enders.tch.harvard.edu/My Drive/Projects/Ethiopia/code/HAPPE/HAPPE_v3_customized_4_Ethiopia.m"></file><file xmlns="http://www.w3.org/1999/xhtml" absolutepath="/Users/winkoan/Library/CloudStorage/GoogleDrive-wenkang.an@enders.tch.harvard.edu/My Drive/Research_Packages/MATLAB/HAPPE-master/1. pre-process/HAPPE_v3_customized_5_b_Simons_MIT_auditory_oddball.m"></file><file xmlns="http://www.w3.org/1999/xhtml" absolutepath="/Users/winkoan/Library/Caches/com.binarynights.ForkLift-3/FileCache/6BF03CAA-014B-4D83-8DB1-D3A5EC59D873/HAPPE_v3_customized_8_BRIDGE_phoneme.m"></file><file xmlns="http://www.w3.org/1999/xhtml" absolutepath="/Users/winkoan/Library/CloudStorage/GoogleDrive-wenkang.an@enders.tch.harvard.edu/My Drive/Projects/Ethiopia/code/scrp_1_b_convert_to_set_baseline.m"></file><file xmlns="http://www.w3.org/1999/xhtml" absolutepath="/Users/winkoan/Library/CloudStorage/GoogleDrive-wenkang.an@enders.tch.harvard.edu/My Drive/Research_Packages/MATLAB/HAPPE-master/1. pre-process/HAPPE_v3_customized_4_a_Ethiopia_VEP.m"></file><file xmlns="http://www.w3.org/1999/xhtml" absolutepath="/Users/winkoan/Library/CloudStorage/GoogleDrive-wenkang.an@enders.tch.harvard.edu/My Drive/Research_Packages/MATLAB/HAPPE-master/1. pre-process/HAPPE_v3_customized_4_b_Ethiopia_baseline.m"></file><file xmlns="http://www.w3.org/1999/xhtml" absolutepath="/Users/winkoan/Library/Caches/com.binarynights.ForkLift-3/FileCache/356D9614-C9F4-4772-B3EF-8194D96F264B/HAPPE_v3_customized_6_a_ISP2_segmented.m"></file><file xmlns="http://www.w3.org/1999/xhtml" absolutepath="/Users/winkoan/Library/Caches/com.binarynights.ForkLift-3/FileCache/136E6D22-E496-4557-8316-835BB49637F7/HAPPE_v3_customized_7_a_ISP1_segmented.m"></file><file xmlns="http://www.w3.org/1999/xhtml" absolutepath="/Users/winkoan/Library/CloudStorage/GoogleDrive-wenkang.an@enders.tch.harvard.edu/My Drive/Research_Packages/MATLAB/HAPPE-master/1. pre-process/HAPPE_v3_customized_5_c_Simons_MIT_baseline.m"></file><file xmlns="http://www.w3.org/1999/xhtml" absolutepath="/Users/winkoan/Library/CloudStorage/GoogleDrive-wenkang.an@enders.tch.harvard.edu/My Drive/Projects/Ethiopia/code/scrp_1_c_miniMADE_baseline.m"></file><file xmlns="http://www.w3.org/1999/xhtml" absolutepath="/Users/winkoan/Library/CloudStorage/GoogleDrive-wenkang.an@enders.tch.harvard.edu/My Drive/Projects/Ethiopia/code/scrp_0_main_VEP.m"></file><file xmlns="http://www.w3.org/1999/xhtml" absolutepath="/Users/winkoan/Library/CloudStorage/GoogleDrive-wenkang.an@enders.tch.harvard.edu/My Drive/Research_Packages/MATLAB/HAPPE-master/1. pre-process/HAPPE_v3_customized_5_d_Simons_MIT_baseline_PMS.m"></file><file xmlns="http://www.w3.org/1999/xhtml" absolutepath="/Users/winkoan/Library/CloudStorage/GoogleDrive-wenkang.an@enders.tch.harvard.edu/My Drive/Research_Packages/MATLAB/HAPPE-master/1. pre-process/HAPPE_v4_muscIL_adapted_JS.m"></file><file xmlns="http://www.w3.org/1999/xhtml" absolutepath="/Users/winkoan/Library/CloudStorage/GoogleDrive-wenkang.an@enders.tch.harvard.edu/My Drive/Research_Packages/MATLAB/HAPPE-master/1. pre-process/HAPPE_v3_customized_5_c_Simons_MIT_baseline_Simons.m"></file><file xmlns="http://www.w3.org/1999/xhtml" absolutepath="/Users/winkoan/Library/CloudStorage/GoogleDrive-wenkang.an@enders.tch.harvard.edu/My Drive/Research_Packages/MATLAB/HAPPE-master/1. pre-process/HAPPE_v3_customized_5_d_Simons_MIT_baseline_ASD_BRIDGE.m"></file><file xmlns="http://www.w3.org/1999/xhtml" absolutepath="/Volumes/dmc-nelson/Groups/LCN-Nelson-Clinical/Groups/P00025493 = Fragile X/BRIDGE Study/Data/Scripts/GUI_hand_editing/run_hand_editing.mlapp"></file><file xmlns="http://www.w3.org/1999/xhtml" absolutepath="/Volumes/dmc-nelson/Groups/LCN-Nelson-Clinical/Groups/P00025493 = Fragile X/BRIDGE Study/Data/Scripts/GUI_hand_editing/functions/func_load_eeg.m"></file><file xmlns="http://www.w3.org/1999/xhtml" absolutepath="/Volumes/dmc-nelson/Groups/LCN-Nelson-Clinical/Groups/P00025493 = Fragile X/BRIDGE Study/Data/Scripts/GUI_hand_editing/functions/func_load_videos.m"></file><file xmlns="http://www.w3.org/1999/xhtml" absolutepath="/Volumes/dmc-nelson/Groups/LCN-Nelson-Clinical/Groups/P00025493 = Fragile X/BRIDGE Study/Data/Scripts/GUI_hand_editing/functions/func_play_video.m"></file><file xmlns="http://www.w3.org/1999/xhtml" absolutepath="/Users/winkoan/Library/CloudStorage/GoogleDrive-anwenkang@gmail.com/My Drive/Research_Data/MSR2/An2020/MSR2/MSR2_Code/An2020/Experiment/Experiments_final/Exp_Music_Shift_Oddball_final/func_play_video_new.m"></file><file xmlns="http://www.w3.org/1999/xhtml" absolutepath="/Volumes/dmc-nelson/Groups/LCN-Nelson-Clinical/Groups/P00025493 = Fragile X/BRIDGE Study/Data/Scripts/GUI_hand_editing/functions/func_play_video_new.m"></file><file xmlns="http://www.w3.org/1999/xhtml" absolutepath="/Volumes/dmc-nelson/Groups/LCN-Nelson-Clinical/Groups/P00025493 = Fragile X/BRIDGE Study/Data/Scripts/GUI_hand_editing/functions/func_choose_video.m"></file><file xmlns="http://www.w3.org/1999/xhtml" absolutepath="/Volumes/dmc-nelson/Groups/LCN-Nelson-Clinical/Groups/P00025493 = Fragile X/BRIDGE Study/Data/Scripts/GUI_hand_editing/functions/func_time_change.m"></file><file xmlns="http://www.w3.org/1999/xhtml" absolutepath="/Volumes/dmc-nelson/Groups/LCN-Nelson-Clinical/Groups/P00025493 = Fragile X/BRIDGE Study/Data/Scripts/GUI_hand_editing/packages/vlc/VLC.m"></file><file xmlns="http://www.w3.org/1999/xhtml" absolutepath="/Volumes/dmc-nelson/Groups/LCN-Nelson-Clinical/Groups/P00025493 = Fragile X/BRIDGE Study/Data/Scripts/GUI_hand_editing/functions/func_update_file_list.m"></file><file xmlns="http://www.w3.org/1999/xhtml" absolutepath="/Volumes/dmc-nelson/Groups/LCN-Nelson-Clinical/Groups/P00025493 = Fragile X/BRIDGE Study/Data/Scripts/GUI_hand_editing/functions/func_undo_marker.m"></file><file xmlns="http://www.w3.org/1999/xhtml" absolutepath="/Volumes/dmc-nelson/Groups/LCN-Nelson-Clinical/Groups/P00025493 = Fragile X/BRIDGE Study/Data/Scripts/GUI_hand_editing/functions/func_drop_marker.m"></file><file xmlns="http://www.w3.org/1999/xhtml" absolutepath="/Volumes/dmc-nelson/Groups/LCN-Nelson-Clinical/Groups/P00025493 = Fragile X/BRIDGE Study/Data/Scripts/GUI_hand_editing/functions/func_redo_marker.m"></file><file xmlns="http://www.w3.org/1999/xhtml" absolutepath="/Volumes/dmc-nelson/Groups/LCN-Nelson-Clinical/Groups/P00025493 = Fragile X/BRIDGE Study/Data/Scripts/GUI_hand_editing/functions/func_export.m"></file><file xmlns="http://www.w3.org/1999/xhtml" absolutepath="/Volumes/dmc-nelson/Groups/LCN-Nelson-Clinical/Groups/P00025493 = Fragile X/BRIDGE Study/Data/Scripts/GUI_hand_editing/functions/func_add_eeg_marker_to_spectrogram.m"></file><file xmlns="http://www.w3.org/1999/xhtml" absolutepath="/Volumes/dmc-nelson/Groups/LCN-Nelson-Clinical/Groups/P00025493 = Fragile X/BRIDGE Study/Data/Scripts/GUI_hand_editing/functions/func_add_marker_to_spectrogram.m"></file><file xmlns="http://www.w3.org/1999/xhtml" absolutepath="/Volumes/dmc-nelson/Groups/LCN-Nelson-Clinical/Groups/P00025493 = Fragile X/BRIDGE Study/Data/Scripts/GUI_hand_editing/dev/run_hand_editing.mlapp"></file><file xmlns="http://www.w3.org/1999/xhtml" absolutepath="/Volumes/dmc-nelson/Groups/LCN-Nelson-Clinical/Groups/P00025493 = Fragile X/BRIDGE Study/Data/Scripts/GUI_hand_editing/dev/functions/func_load_eeg.m"></file><file xmlns="http://www.w3.org/1999/xhtml" absolutepath="/Volumes/dmc-nelson/Groups/LCN-Nelson-Clinical/Groups/P00025493 = Fragile X/BRIDGE Study/Data/Scripts/GUI_hand_editing/dev/functions/func_choose_video.m"></file><file xmlns="http://www.w3.org/1999/xhtml" absolutepath="/Volumes/dmc-nelson/Groups/LCN-Nelson-Clinical/Groups/P00025493 = Fragile X/BRIDGE Study/Data/Scripts/GUI_hand_editing/dev/functions/func_time_change.m"></file><file xmlns="http://www.w3.org/1999/xhtml" absolutepath="/Volumes/dmc-nelson/Groups/LCN-Nelson-Clinical/Groups/P00025493 = Fragile X/BRIDGE Study/Data/Scripts/GUI_hand_editing/dev/functions/func_play.m"></file><file xmlns="http://www.w3.org/1999/xhtml" absolutepath="/Volumes/dmc-nelson/Groups/LCN-Nelson-Clinical/Groups/P00025493 = Fragile X/BRIDGE Study/Data/Scripts/GUI_hand_editing/dev/functions/func_export.m"></file><file xmlns="http://www.w3.org/1999/xhtml" absolutepath="/Volumes/dmc-nelson/Groups/LCN-Nelson-Clinical/Groups/P00025493 = Fragile X/BRIDGE Study/Data/Scripts/GUI_hand_editing/dev/functions/func_load_videos.m"></file><file xmlns="http://www.w3.org/1999/xhtml" absolutepath="/Volumes/dmc-nelson/Groups/LCN-Nelson-Clinical/Groups/P00025493 = Fragile X/BRIDGE Study/Data/Scripts/GUI_hand_editing/dev/functions/func_drop_marker.m"></file><file xmlns="http://www.w3.org/1999/xhtml" absolutepath="/Volumes/dmc-nelson/Groups/LCN-Nelson-Clinical/Groups/P00025493 = Fragile X/BRIDGE Study/Data/Scripts/GUI_hand_editing/dev/functions/func_add_marker_to_spectrogram.m"></file><file xmlns="http://www.w3.org/1999/xhtml" absolutepath="/Volumes/dmc-nelson/Groups/LCN-Nelson-Clinical/Groups/P00025493 = Fragile X/BRIDGE Study/Data/Scripts/GUI_hand_editing/dev/functions/func_add_marker_types.m"></file><file xmlns="http://www.w3.org/1999/xhtml" absolutepath="/Volumes/dmc-nelson/Groups/LCN-Nelson-Clinical/Groups/P00025493 = Fragile X/BRIDGE Study/Data/Scripts/GUI_hand_editing/dev/functions/func_show_instructions.m"></file><file xmlns="http://www.w3.org/1999/xhtml" absolutepath="/Users/winkoan/Library/CloudStorage/GoogleDrive-wenkang.an@enders.tch.harvard.edu/My Drive/Research_Packages/MATLAB/beapp-master/beapp-master/functions/batch_beapp_ica.m"></file><file xmlns="http://www.w3.org/1999/xhtml" absolutepath="/Volumes/dmc-nelson/Groups/LCN-Nelson-Simons-MIT/04_projects/05_video_coding_GUI/dev/run_hand_editing.mlapp"></file><file xmlns="http://www.w3.org/1999/xhtml" absolutepath="/Volumes/dmc-nelson/Groups/LCN-Nelson-Simons-MIT/04_projects/05_video_coding_GUI/dev/functions/func_time_change.m"></file><file xmlns="http://www.w3.org/1999/xhtml" absolutepath="/Volumes/dmc-nelson/Groups/LCN-Nelson-Simons-MIT/04_projects/05_video_coding_GUI/dev/func_gui_initializing.m"></file><file xmlns="http://www.w3.org/1999/xhtml" absolutepath="/Users/winkoan/Documents/GitHub/AVOCODO/functions/func_export.m"></file><file xmlns="http://www.w3.org/1999/xhtml" absolutepath="/Users/winkoan/Documents/GitHub/AVOCODO/run_hand_editing.mlapp"></file><file xmlns="http://www.w3.org/1999/xhtml" absolutepath="/Users/winkoan/Documents/GitHub/AVOCODO/run_AVOCODO.mlapp"></file><file xmlns="http://www.w3.org/1999/xhtml" absolutepath="/Users/winkoan/Documents/GitHub/AVOCODO/functions/func_gui_closing.m"></file><file xmlns="http://www.w3.org/1999/xhtml" absolutepath="/Users/winkoan/Documents/GitHub/AVOCODO/func_gui_initializing.m"></file><file xmlns="http://www.w3.org/1999/xhtml" absolutepath="/Users/winkoan/Documents/GitHub/AVOCODO/functions/func_add_marker_types.m"></file><file xmlns="http://www.w3.org/1999/xhtml" absolutepath="/Users/winkoan/Library/CloudStorage/GoogleDrive-wenkang.an@enders.tch.harvard.edu/Shared drives/W-InfantScreeningProject/04_projects/07_EEG_connectivity_Winko_Haerin/code/matlab/Scripts_winko/FC_calculation/scrp_04_b_convert_BEAPP_to_SET_ISP_3_12.m"></file><file xmlns="http://www.w3.org/1999/xhtml" absolutepath="/Users/winkoan/Library/CloudStorage/GoogleDrive-wenkang.an@enders.tch.harvard.edu/Shared drives/W-InfantScreeningProject/04_projects/07_EEG_connectivity_Winko_Haerin/code/matlab/Scripts_winko/FC_calculation/scrp_04_c_convert_BEAPP_to_SET_ISP_18_36.m"></file><file xmlns="http://www.w3.org/1999/xhtml" absolutepath="/Users/winkoan/Library/CloudStorage/GoogleDrive-wenkang.an@enders.tch.harvard.edu/My Drive/Research_Packages/MATLAB/HAPPE-master/1. pre-process/HAPPE_v3_customized_5_f_Simons_MIT_baseline_PMS_RDCRN.m"></file><file xmlns="http://www.w3.org/1999/xhtml" absolutepath="/Users/winkoan/Library/CloudStorage/GoogleDrive-wenkang.an@enders.tch.harvard.edu/My Drive/Projects/Emotion/code_data_organize/emo_scrp_proc_eeg.m"></file><file xmlns="http://www.w3.org/1999/xhtml" absolutepath="/Users/winkoan/Library/CloudStorage/GoogleDrive-wenkang.an@enders.tch.harvard.edu/My Drive/Projects/Emotion/code_data_organize/emo_scrp_1_b_combine_files_3yr_bci.m"></file><file xmlns="http://www.w3.org/1999/xhtml" absolutepath="/Users/winkoan/Library/CloudStorage/GoogleDrive-wenkang.an@enders.tch.harvard.edu/Shared drives/W-BRIDGE/04_projects_analyses/project_WiPs/04_GlobalHabituation_ASDvTD_Michael/Code/AVOCODO/additional_scripts/hab_event_eraser.m"></file><file xmlns="http://www.w3.org/1999/xhtml" absolutepath="/Users/winkoan/Library/Caches/com.binarynights.ForkLift-3/FileCache/D51C916E-0BB4-4138-B683-936A2C1AEE51/HAPPE_v3_customized_9_habituation.m"></file><file xmlns="http://www.w3.org/1999/xhtml" absolutepath="/Users/winkoan/Library/Caches/com.binarynights.ForkLift-3/FileCache/407EEAD0-84D1-4423-800D-1F5A18A4EA60/cleanLineNoise.m"></file><file xmlns="http://www.w3.org/1999/xhtml" absolutepath="/Users/winkoan/Library/CloudStorage/GoogleDrive-wenkang.an@enders.tch.harvard.edu/My Drive/Research_Packages/MATLAB/HAPPE-master/1. pre-process/HAPPE_v3_customized_6_a_BRIDGE_vep.m"></file><file xmlns="http://www.w3.org/1999/xhtml" absolutepath="/Users/winkoan/Library/CloudStorage/GoogleDrive-wenkang.an@enders.tch.harvard.edu/Shared drives/W-BRIDGE/04_projects_analyses/project_WiPs/07_preliminary_Winko/VEP/code_preprocessing/HAPPE_v3_customized_6_a_BRIDGE_vep.m"></file><file xmlns="http://www.w3.org/1999/xhtml" absolutepath="/Users/winkoan/Library/Caches/com.binarynights.ForkLift-3/FileCache/79DB00C3-4A65-4459-A790-DBE4692F7BB3/HAPPE_v3_1_b_emotion.m"></file><file xmlns="http://www.w3.org/1999/xhtml" absolutepath="/Users/winkoan/Library/CloudStorage/GoogleDrive-wenkang.an@enders.tch.harvard.edu/My Drive/Research_Packages/MATLAB/HAPPE-master/1. pre-process/HAPPE_v3_7_a_emotion.m"></file><file xmlns="http://www.w3.org/1999/xhtml" absolutepath="/Users/winkoan/Library/CloudStorage/GoogleDrive-wenkang.an@enders.tch.harvard.edu/My Drive/Research_Packages/MATLAB/HAPPE-master/1. pre-process/HAPPE_v3_customized_7_emotion.m"></file><file xmlns="http://www.w3.org/1999/xhtml" absolutepath="/Users/winkoan/Library/CloudStorage/GoogleDrive-wenkang.an@enders.tch.harvard.edu/My Drive/Projects/Emotion/code/matlab/emo_scrp_1_c_offset_3yr.m"></file><file xmlns="http://www.w3.org/1999/xhtml" absolutepath="/Users/winkoan/Library/CloudStorage/GoogleDrive-wenkang.an@enders.tch.harvard.edu/My Drive/Projects/Emotion/code/matlab/emo_scrp_2_a_1_calculate_ERP.m"></file><file xmlns="http://www.w3.org/1999/xhtml" absolutepath="/Volumes/dmc-nelson/Groups/LCN-Nelson-Clinical/Groups/P00025493 = Fragile X/BRIDGE Study/Data/EEG/Visit_2/Raw Data/EEG Files for Winko 12:3/code/scrp_1_correct_DINs_for_hab_12237.m"></file><file xmlns="http://www.w3.org/1999/xhtml" absolutepath="/Volumes/dmc-nelson/Groups/LCN-Nelson-Clinical/Groups/P00025493 = Fragile X/BRIDGE Study/Data/EEG/Visit_2/Raw Data/EEG Files for Winko 12:3/code/scrp_2_correct_DINs_for_phoneme_12237.m"></file><file xmlns="http://www.w3.org/1999/xhtml" absolutepath="/Users/winkoan/Library/CloudStorage/GoogleDrive-wenkang.an@enders.tch.harvard.edu/My Drive/Research_Packages/MATLAB/HAPPE-master/1. pre-process/HAPPE_v3_customized_9_a_BRIDGE_hab.m"></file><file xmlns="http://www.w3.org/1999/xhtml" absolutepath="/Users/winkoan/Library/CloudStorage/GoogleDrive-wenkang.an@enders.tch.harvard.edu/My Drive/Research_Packages/MATLAB/NBS-Predict-1.0.0-beta.13/src/models/run_svmC.m"></file><file xmlns="http://www.w3.org/1999/xhtml" absolutepath="/Users/winkoan/Library/CloudStorage/GoogleDrive-wenkang.an@enders.tch.harvard.edu/Shared drives/W-InfantScreeningProject/04_projects/09_EEG_Connnectivity_ISP1and2_Winko_Haerin/data/EEG_Output/4_NBS_predict/create_design_matrix.m"></file><file xmlns="http://www.w3.org/1999/xhtml" absolutepath="/Users/winkoan/Library/CloudStorage/GoogleDrive-wenkang.an@enders.tch.harvard.edu/Shared drives/W-InfantScreeningProject/04_projects/09_EEG_Connnectivity_ISP1and2_Winko_Haerin/code/matlab/brainNetViewer/scrp_1_plot_conn_bnv.m"></file><file xmlns="http://www.w3.org/1999/xhtml" absolutepath="/Users/winkoan/Library/CloudStorage/GoogleDrive-wenkang.an@enders.tch.harvard.edu/Shared drives/W-InfantScreeningProject/04_projects/09_EEG_Connnectivity_ISP1and2_Winko_Haerin/data/EEG_Output/4_NBS_predict/create_design_matrix_logistic.m"></file><file xmlns="http://www.w3.org/1999/xhtml" absolutepath="/Users/winkoan/Library/CloudStorage/GoogleDrive-wenkang.an@enders.tch.harvard.edu/My Drive/Research_Packages/MATLAB/NBS-Predict-1.0.0-beta.13/src/models/run_LogReg.m"></file><file xmlns="http://www.w3.org/1999/xhtml" absolutepath="/Users/winkoan/Library/CloudStorage/GoogleDrive-wenkang.an@enders.tch.harvard.edu/Shared drives/W-InfantScreeningProject/04_projects/09_EEG_Connnectivity_ISP1and2_Winko_Haerin/code/matlab/brainNetViewer/scrp_1_plot_binary_FC_bnv.m"></file><file xmlns="http://www.w3.org/1999/xhtml" absolutepath="/Users/winkoan/Library/CloudStorage/GoogleDrive-wenkang.an@enders.tch.harvard.edu/Shared drives/W-InfantScreeningProject/04_projects/09_EEG_Connnectivity_ISP1and2_Winko_Haerin/code/matlab/brainNetViewer/plot_brainNetViewer.m"></file><file xmlns="http://www.w3.org/1999/xhtml" absolutepath="/Users/winkoan/Library/CloudStorage/GoogleDrive-wenkang.an@enders.tch.harvard.edu/Shared drives/W-InfantScreeningProject/04_projects/09_EEG_Connnectivity_ISP1and2_Winko_Haerin/code/matlab/brainNetViewer/scrp_2_plot_FC_bnv.m"></file><file xmlns="http://www.w3.org/1999/xhtml" absolutepath="/Users/winkoan/Library/Caches/com.binarynights.ForkLift-3/FileCache/8DD7FDB5-5CB0-42C0-A547-000B8DDBEB18/HAPPE_v3_customized_9_habituation.m"></file><file xmlns="http://www.w3.org/1999/xhtml" absolutepath="/Users/winkoan/Library/CloudStorage/GoogleDrive-wenkang.an@enders.tch.harvard.edu/My Drive/Research_Packages/MATLAB/HAPPE-master/1. pre-process/HAPPE_v3_customized_8_a_BRIDGE_chirp.m"></file><file xmlns="http://www.w3.org/1999/xhtml" absolutepath="/Users/winkoan/Library/Caches/com.binarynights.ForkLift-3/FileCache/CB85F7BB-3B99-40CA-9E37-435805993A21/HAPPE_v3_customized_9_BRIDGE_habituation.m"></file><file xmlns="http://www.w3.org/1999/xhtml" absolutepath="/Users/winkoan/Library/CloudStorage/GoogleDrive-wenkang.an@enders.tch.harvard.edu/My Drive/Research_Packages/MATLAB/HAPPE-master/1. pre-process/HAPPE_v3_customized_9_c_BRIDGE_hab_17ms_mff.m"></file><file xmlns="http://www.w3.org/1999/xhtml" absolutepath="/Users/winkoan/Library/Caches/com.binarynights.ForkLift-3/FileCache/CB73FA4F-32CF-4274-B63F-AD24522A125C/HAPPE_v3_customized_9_b_BRIDGE_habituation_long.m"></file><file xmlns="http://www.w3.org/1999/xhtml" absolutepath="/Users/winkoan/Library/Caches/com.binarynights.ForkLift-3/FileCache/EBD1B226-8C79-41C6-AB6D-26103A9CBE8D/HAPPE_v3_customized_9_a_BRIDGE_habituation_short.m"></file><file xmlns="http://www.w3.org/1999/xhtml" absolutepath="/Users/winkoan/Library/CloudStorage/GoogleDrive-wenkang.an@enders.tch.harvard.edu/My Drive/Research_Packages/MATLAB/HAPPE-master/1. pre-process/HAPPE_v3_customized_9_a_BRIDGE_hab_0ms_raw.m"></file><file xmlns="http://www.w3.org/1999/xhtml" absolutepath="/Users/winkoan/Documents/GitHub/AVOCODO/scrp_resting_EEG_convert_event_types.m"></file><file xmlns="http://www.w3.org/1999/xhtml" absolutepath="/Users/winkoan/Downloads/HABanero_WA_edited.m"></file><file xmlns="http://www.w3.org/1999/xhtml" absolutepath="/Users/winkoan/Library/CloudStorage/GoogleDrive-wenkang.an@enders.tch.harvard.edu/Shared drives/W-FRAXA/02_data_and_projects/projects_WiP/07_a_habituation_paradigm_Winko/test_correct_event_type/code/scrp_correct_event_type.m"></file><file xmlns="http://www.w3.org/1999/xhtml" absolutepath="/Users/winkoan/Library/CloudStorage/GoogleDrive-wenkang.an@enders.tch.harvard.edu/My Drive/Research_Packages/MATLAB/HAPPE-master/Packages/eeglab2022.0/plugins/MFFMatlabIO4.0/pop_mffimport.m"></file><file xmlns="http://www.w3.org/1999/xhtml" absolutepath="/Users/winkoan/Library/Caches/com.binarynights.ForkLift-3/FileCache/F151D669-BA9F-431A-839D-385C4BE83E4D/HAPPE_v3_customized_8_BRIDGE_phoneme.m"></file><file xmlns="http://www.w3.org/1999/xhtml" absolutepath="/Users/winkoan/Library/Caches/com.binarynights.ForkLift-3/FileCache/222BD72E-3779-4319-B17C-AF6621F95439/HAPPE_v3_customized_8_BRIDGE_phoneme.m"></file><file xmlns="http://www.w3.org/1999/xhtml" absolutepath="/Users/winkoan/Documents/GitHub/AVOCODO/functions/func_load_eeg.m"></file><file xmlns="http://www.w3.org/1999/xhtml" absolutepath="/Users/winkoan/Documents/GitHub/AVOCODO/functions/func_add_eeg_marker_to_spectrogram.m"></file><file xmlns="http://www.w3.org/1999/xhtml" absolutepath="/Users/winkoan/Desktop/HAPPE_for_Caitlin/HAPPE-master/1. pre-process/HAPPE_v3_customized.m"></file><file xmlns="http://www.w3.org/1999/xhtml" absolutepath="/Users/winkoan/Library/CloudStorage/GoogleDrive-wenkang.an@enders.tch.harvard.edu/My Drive/Research_Code/BabySteps/BBS_scrp_1_b_f0_noisy.m"></file><file xmlns="http://www.w3.org/1999/xhtml" absolutepath="/Volumes/dmc-nelson/Groups/LCN-Nelson-Simons-MIT/04_projects/08_brooke_and_ginny_analysis/code/matlab/HAPPE/1. pre-process/HAPPE_v3_customized_3_b_Simons_MIT_auditory_oddball_tfr.m"></file><file xmlns="http://www.w3.org/1999/xhtml" absolutepath="/Users/winkoan/Documents/GitHub/AVOCODO/functions/func_import_moviesync.m"></file><file xmlns="http://www.w3.org/1999/xhtml" absolutepath="/Users/winkoan/Documents/GitHub/AVOCODO/functions/func_add_text_to_spectrogram.m"></file><file xmlns="http://www.w3.org/1999/xhtml" absolutepath="/Users/winkoan/Documents/GitHub/AVOCODO/functions/func_add_marker_to_spectrogram.m"></file><file xmlns="http://www.w3.org/1999/xhtml" absolutepath="/Users/winkoan/Documents/GitHub/AVOCODO/functions/func_undo_marker.m"></file><file xmlns="http://www.w3.org/1999/xhtml" absolutepath="/Users/winkoan/Documents/GitHub/AVOCODO/functions/func_drop_marker.m"></file><file xmlns="http://www.w3.org/1999/xhtml" absolutepath="/Users/winkoan/Documents/GitHub/AVOCODO/functions/func_redo_marker.m"></file><file xmlns="http://www.w3.org/1999/xhtml" absolutepath="/Users/winkoan/Documents/GitHub/AVOCODO/functions/func_load_videos.m"></file><file xmlns="http://www.w3.org/1999/xhtml" absolutepath="/Users/winkoan/Documents/GitHub/AVOCODO/functions/func_choose_video.m"></file><file xmlns="http://www.w3.org/1999/xhtml" absolutepath="/Users/winkoan/Documents/GitHub/AVOCODO/packages/eeglab2021.1/functions/sigprocfunc/eegplot.m"></file><file xmlns="http://www.w3.org/1999/xhtml" absolutepath="/Users/winkoan/Documents/GitHub/AVOCODO/packages/eeglab2021.1/functions/popfunc/pop_eegfilt.m"></file><file xmlns="http://www.w3.org/1999/xhtml" absolutepath="/Users/winkoan/Documents/GitHub/AVOCODO/functions/func_show_instructions.m"></file><file xmlns="http://www.w3.org/1999/xhtml" absolutepath="/Users/winkoan/Documents/GitHub/AVOCODO/functions/func_plot_EEG.m"></file><file xmlns="http://www.w3.org/1999/xhtml" absolutepath="/Users/winkoan/Documents/GitHub/AVOCODO/functions/func_plot_ERP.m"></file><file xmlns="http://www.w3.org/1999/xhtml" absolutepath="/Users/winkoan/Documents/GitHub/AVOCODO/functions/func_play.m"></file><file xmlns="http://www.w3.org/1999/xhtml" absolutepath="/Users/winkoan/Documents/GitHub/AVOCODO/functions/func_plot_PSD.m"></file><file xmlns="http://www.w3.org/1999/xhtml" absolutepath="/Users/winkoan/Documents/GitHub/AVOCODO/functions/func_time_change.m"></file><file xmlns="http://www.w3.org/1999/xhtml" absolutepath="/Users/winkoan/Documents/GitHub/AVOCODO/functions/func_update_file_list.m"></file></bookmarks>